Marcaj de timp	În calitate de participant, am luat la cunoștință informarea privind prelucrarea datelor cu caracter personal care însoțește prezentul formular de consimțământ privind prelucrarea datelor personale.	Gen:	Vârstă (în ani împliniți):	Găsesc ceva bun de spus despre toți cei din jur.	Obișnuiesc să mă pregătesc în avans pentru ce urmează.	Mă simt bine când sunt înconjurat(ă) de oameni.	Mă simt melancolic(ă) des.	Consider că arta este importantă în viețile oamenilor.	Mă consider mai bun(ă) decat cei din jur.	Evit să îmi asum responsabilitatea pentru lucruri importante.	Îmi fac prieteni foarte ușor.	Găsesc multe lucruri care nu îmi plac la persoana mea.	Sunt interesat(ă) de partea filosofică a vieții.	Îmi place să îi tratez pe cei din jur cu bunătate.	Când am ceva de făcut mă apuc de treabă cât mai curând.	Mă descurc bine în contexte sociale.	Am gânduri negative foarte des.	Îmi place să merg la expoziții de artă, concerte sau alte evenimente artistice.	Îi accept pe cei din jur așa cum sunt și nu îi judec.	Punctualitatea este foarte importantă  pentru mine.	În contexte sociale eu sunt "sufletul petrecerii".	Trec foarte ușor de la o stare psihică la alta.	Am o imaginație foarte bogată.	De cele mai multe ori pun nevoile celor din jur înaintea nevoilor personale.	Întotdeauna mă țin de planurile pe care le fac.	Nu îmi place să atrag atenția asupra mea.	De multe ori mă simt anxios/anxioasă gândindu-mă la ce ar putea merge rău.	Îmi place să aud idei noi și opinii diferite de ale mele.	Uneori îmi place să mă cert cu cei din jur.	Întotdeauna îmi utilizez timpul la maximum.	Am foarte multe de spus.	Adesea mă îngrijorez că nu sunt suficient de bun(ă).	Nu mă interesează discuțiile abstracte.	Îi critic adeseori pe cei din jur.	Îmi este greu să încep să lucrez.	Prefer să nu fiu în centrul atenției.	Arareori mă simt melancolic(ă).	Nu sunt foarte interesat(ă) de arte.	Îmi abandonez activitățile imediat când cineva are nevoie de mine.	Îmi schimb adesea planurile.	Prefer să ascult decât să vorbesc.	Îmi place ce fel de persoană sunt.	Discuțiile filosofice mi se par plictisitoare.	Original(ă)	Perfecționist(ă)	Timid(ă)	Blând(ă)	Rigid(ă)	Curios/Curioasă	Uituc(ă)	Reținut(ă)	Agreabil(ă)	Agitat(ă)	Creativ(ă)	Disciplinat(ă)	Prietenos/Prietenoasă	Caritabil(ă)	Capricios/Capricioasă	Imaginativ(ă)	Organizat(ă)	Comunicativ(ă)	Modest(ă)	Pesimist(ă)	Enumerați între 1 și 5 cărți care v-au plăcut mult.	Enumerați una sau mai multe trăsături care vă atrag la o carte.
2022/05/08 6:27:55 p.m. GMT+3	Da	Masculin	22	4	4	3	3	4	3	3	2	4	4	5	3	2	3	3	4	4	1	3	3	3	2	5	4	3	1	2	3	4	2	2	4	5	3	3	3	2	4	4	2	3	2	4	4	4	4	4	4	5	4	3	3	4	3	3	3	3	2	4	4	10 negri mititei, Pe culmile disperarii, Strainul	Originalitatea si suspansul
2022/05/08 6:31:57 p.m. GMT+3	Da	Feminin	22	5	4	5	3	5	5	4	4	4	2	5	2	3	4	5	4	5	3	4	4	4	4	4	4	3	2	5	5	5	5	3	5	4	5	1	4	3	3	3	4	5	5	5	5	2	5	5	4	3	4	5	2	5	2	2	5	3	5	4	3	Throne of glass, cerul e pretutindeni 	Povestea, calitatea textului, autorul priceput 
2022/05/08 6:33:44 p.m. GMT+3	Da	Feminin	21	4	5	2	5	5	3	3	2	5	1	5	2	1	5	3	4	2	1	5	5	4	3	3	5	2	4	2	4	5	3	3	4	4	1	1	4	2	4	2	5	3	5	4	2	2	4	2	3	4	4	4	3	5	2	3	5	2	2	3	4	Percy Jackson, Night School, Ingeri Cazuti, A court of thorns and roses	Sa contina multa actiune si dialog, nu prea multa descriere
2022/05/08 6:34:35 p.m. GMT+3	Da	Masculin	22	3	3	5	2	4	2	1	4	3	3	5	2	5	2	5	4	3	3	2	3	4	4	2	2	5	1	3	3	3	1	1	2	2	4	2	3	3	4	4	2	4	4	2	4	2	5	3	2	4	1	4	4	5	4	2	4	3	5	4	2	Vlad Zografi - efectele secundare ale vietii ;  Chris Voss - arta negocierii ; James Hoffman - World Atlas os coffee ;  Olver Sacks - The man who mistook his wofe for a hat ; Neil deGrasse Tyson - Bun venit in univers	Subiectul captivant, perspectiva literara originala, (in cazul cartilor non-fictiune) claritatea si  originalitatea prezentarii conceptelor, paralela cu viata reala
2022/05/08 6:35:10 p.m. GMT+3	Da	Masculin	24	3	2	3	4	5	2	4	3	3	4	5	3	4	3	4	5	4	3	4	4	4	3	5	2	4	1	2	3	4	3	2	2	3	3	1	3	2	4	4	2	4	5	4	4	4	4	5	4	3	2	4	2	4	4	2	5	1	3	4	3	Of mice and men	Nu prea citesc :))
2022/05/08 6:36:50 p.m. GMT+3	Da	Masculin	22	3	4	3	4	5	1	1	2	3	4	3	3	3	2	5	4	4	1	2	3	3	4	4	3	4	2	3	2	4	1	2	3	4	2	1	2	2	3	4	2	3	4	3	4	2	4	1	3	4	2	3	4	4	2	2	3	4	4	4	2	Dune, Acid for the children, The Three Body Problem, The 5th science, The Hitchhiker's Guide to the Galaxy	Tensiune, Wold Building, aspecte filosofice,  personaje conturate bine, concepte noi, perspective noi, amuzament
2022/05/08 6:40:30 p.m. GMT+3	Da	Masculin	22	5	2	3	3	4	2	2	3	4	4	4	1	3	2	2	4	3	2	3	4	4	3	3	2	5	3	2	2	3	2	2	5	3	3	2	3	3	3	4	2	4	2	3	2	2	3	3	4	4	3	4	2	4	4	2	4	2	3	3	2	Eragon - Christopher Paolini Cronicile Narniei - CS Lewis Mere Christianity - CS Lewis One Piece (manga) Vinland Saga (manga)	Caracterul fantastic, temele filozofice atinse
2022/05/08 6:49:15 p.m. GMT+3	Da	Feminin	22	5	3	4	2	5	1	2	4	2	4	5	4	5	2	5	5	5	2	2	4	3	3	4	3	5	2	4	3	3	2	2	2	4	3	3	2	3	4	5	1	5	3	4	4	3	5	4	2	4	3	4	4	5	4	3	3	4	4	4	3	Good vibes good life Million Dollar Decision Genune Fraud The Alchemist  The mind’s eye	Cartile Ofera libertate, cunoștiință si dezvoltare personală 
2022/05/08 6:53:39 p.m. GMT+3	Da	Feminin	21	4	4	3	1	5	3	4	2	4	4	5	3	4	1	5	5	5	1	1	4	4	4	5	4	5	1	2	3	4	1	1	5	5	4	1	4	2	4	4	1	3	4	5	5	2	5	3	5	4	1	3	4	2	3	2	4	4	3	4	1	Kafka pe malul marii - Haruki Murakami, Small gods - Terry Pratchett, The shining - Stephen King, To kill a mockingbird - Harper Lee	Profunzimea, povestea, incarcatura emotionala
2022/05/08 6:53:52 p.m. GMT+3	Da	Masculin	22	3	3	4	3	2	5	2	3	2	3	3	3	4	2	2	2	5	3	3	3	2	3	2	2	4	5	3	3	2	2	3	3	2	4	4	2	2	3	4	3	3	3	2	2	3	4	2	3	3	3	3	3	3	4	4	3	3	3	3	2	Meditatiile lui marcus aurelius, blink, power of habit, mortality, think and grow rich	Bazata pe realitate, cu sfaturi utile, si rezultate posibile concrete,  autor ce reprezinta sau sintetizeaza o sursa de informatie de incredere
2022/05/08 6:59:41 p.m. GMT+3	Da	Masculin	22	4	3	3	4	5	2	2	5	5	4	5	2	5	3	4	4	5	5	5	5	5	3	4	4	3	2	4	5	5	1	2	1	4	2	2	5	4	5	4	2	4	5	4	5	4	5	2	4	4	2	3	5	4	5	4	3	4	3	3	2	Shogun, ABC-ul psihopatului de succes, Cel mai bogat om din Babilon, De la idee la bani	Recomandări, Review, Dezvoltare personala, Titlul și descrierea pe scurt
2022/05/08 7:25:26 p.m. GMT+3	Da	Masculin	23	4	3	3	2	2	2	3	5	2	2	5	3	3	1	2	4	4	4	2	4	3	4	3	3	3	2	5	3	2	4	2	3	3	2	4	3	3	3	5	3	4	5	3	3	3	5	2	3	3	2	4	3	5	3	2	4	3	4	4	1	Arta nepăsării	Dezvoltare personala
2022/05/08 8:01:15 p.m. GMT+3	Da	Masculin	22	4	4	2	5	5	4	4	1	4	3	4	1	2	4	2	3	4	1	5	2	4	2	5	4	3	2	1	2	5	2	3	5	5	2	4	4	3	5	3	2	2	5	4	4	5	3	4	5	5	2	1	4	4	3	4	2	4	3	4	5	Zece negri mititei, Agatha Christie; 12 Rules for life, Jordan Peterson; Fundația, Isaac Asimov; Culoarea Magiei, Terry Pratchet	suspans, creativitate, intrigă, utilitate pentru viața de zi cu zi
2022/05/08 8:16:35 p.m. GMT+3	Da	Feminin	21	3	4	3	1	5	3	2	5	3	3	4	3	3	1	5	2	3	3	3	5	4	3	4	2	5	1	3	5	3	1	1	2	3	2	1	4	2	2	4	1	5	4	3	4	1	5	4	1	4	5	5	3	5	5	2	5	3	5	4	3	Pacienta tacuta	Suspans, actiune, mister
2022/05/08 8:33:13 p.m. GMT+3	Da	Feminin	22	5	4	3	5	5	2	1	3	5	4	5	2	5	4	5	4	4	3	5	5	5	4	4	5	4	1	2	2	5	1	2	4	4	1	1	4	4	4	3	2	5	5	4	5	3	4	1	3	4	2	5	5	5	5	2	4	3	5	4	4	Stephen King - The Shining	Genul
2022/05/08 8:54:06 p.m. GMT+3	Da	Feminin	49	5	4	5	1	3	4	1	5	2	4	5	5	5	1	4	5	4	5	4	5	5	5	1	1	5	3	4	5	1	1	3	1	5	5	1	5	1	2	5	1	5	5	1	5	1	5	1	1	5	5	5	5	5	5	5	5	4	5	4	1	Papillon Inteligenta emotionala Introducere in psihologia universala Creierul si mintea Universului Psihanaliza 	Sa fie cu specific psihologic sau stiintific. Sa fie scrisa concret sau mai putin abstract Sa aiba caracter dramatic daca este beletristica Sa fie realista  
2022/05/08 9:31:16 p.m. GMT+3	Da	Feminin	22	4	3	5	2	4	3	1	5	3	5	5	3	5	1	3	4	4	3	2	3	4	4	3	2	4	1	4	3	4	3	1	2	3	5	4	4	2	4	4	2	3	3	2	4	1	4	3	5	4	1	3	4	5	3	3	3	4	4	3	1	Obsedatul de Stefan Zweig, Minunata poveste al lui Henry Sugar de Roald Dahl, Secretele succesului de Dale Carnegie	Cat de folositoare e, ce pot aplica dupa ce o citesc.
2022/05/08 9:40:00 p.m. GMT+3	Da	Feminin	24	3	4	3	4	3	1	2	1	5	5	4	2	2	4	3	3	5	2	3	4	4	4	4	4	3	2	2	2	5	2	3	5	5	4	3	3	3	5	3	1	3	3	5	4	4	4	5	4	4	4	2	3	3	3	2	3	3	3	4	5	Stapanul inelelor, 1984, Zbor deasupra unui cuib de cuci	Firul narativ liniar
2022/05/08 9:41:25 p.m. GMT+3	Da	Masculin	22	4	5	4	4	4	3	2	3	5	3	5	2	3	3	3	4	3	3	2	3	3	3	3	5	5	4	2	4	4	5	3	3	3	3	2	3	3	3	5	2	4	4	3	5	3	3	5	4	5	3	3	4	5	2	3	3	2	5	4	2	Zbor deasupra unui cuib de cuci, Ciuleandra	Character development
2022/05/08 9:43:47 p.m. GMT+3	Da	Feminin	55	4	5	5	2	5	1	1	5	1	5	5	4	4	1	5	4	5	3	1	4	5	4	2	2	5	1	4	5	5	1	1	1	3	5	1	5	3	5	4	1	4	4	4	4	4	5	4	4	5	2	4	3	5	5	1	4	4	5	5	2	Minunata povestire a lui Henry Sugar de Roald Dahl,  Sfaturile unui diavol bătrân către unul mai tânăr de CS Lewis, Scrisori către Lucilius de Seneca	Ritmul povestirii, intriga, rezolvarea intrigii
2022/05/08 9:45:06 p.m. GMT+3	Da	Feminin	21	4	5	4	5	5	3	2	3	4	4	5	2	3	4	4	4	3	1	4	5	4	3	3	4	4	2	3	3	4	2	3	4	3	1	1	4	3	4	3	2	4	3	4	5	2	5	3	4	4	4	4	3	3	4	4	5	4	4	3	3	Frații Karamazov, Ada sau Ardoarea - V. Nabokov, Spre far - V. Woolf, Muntele vrăjit - T. Mann	Meditativă, să aibă trope-uri gen să urmărească mai multe generații ale unei familii,  să se întindă pe mai multe veacuri, să se petreacă într-o singură locație/zi
2022/05/08 9:47:18 p.m. GMT+3	Da	Feminin	22	4	4	2	3	5	3	2	2	4	5	4	3	2	3	4	3	4	2	4	5	2	3	4	4	3	2	2	3	4	2	3	5	4	2	1	3	3	4	4	1	4	4	5	4	3	5	4	4	4	4	5	4	3	4	5	4	4	3	3	3	koji suzuki- cercul, povești de edgar alan poe, sufletul neinlantuit- andrew ceva, the help 	mister, groaza, intriga, personaje interesante
2022/05/08 10:12:11 p.m. GMT+3	Da	Feminin	52	5	5	5	3	3	2	2	5	3	1	5	3	4	3	3	5	5	4	3	5	4	4	3	4	3	1	1	1	5	5	1	2	3	3	5	3	4	3	4	3	3	1	2	4	1	3	3	3	3	4	3	2	5	3	1	3	1	5	5	3	Pe aripele vantului,Torente,talida,ion ,calaretul fara capsus	Suspansul
2022/05/08 10:20:22 p.m. GMT+3	Da	Masculin	22	4	5	4	4	2	4	2	1	3	2	4	2	3	4	1	2	5	4	4	5	5	2	4	4	3	2	2	4	5	5	5	2	4	3	4	4	4	4	5	5	4	5	5	4	2	5	2	2	4	4	1	3	4	2	3	3	2	3	3	2	Crima si pedeapsa Tarana si cenusa 	Aplicabilitatea in contextul actual politicii sau al vietii personale 
2022/05/08 10:38:54 p.m. GMT+3	Da	Masculin	21	3	3	4	2	4	3	2	4	5	4	4	1	4	4	5	4	4	3	4	5	4	3	2	5	5	3	3	5	5	1	1	4	3	3	1	3	2	3	4	1	5	4	2	4	1	5	5	2	5	5	4	3	4	4	2	4	1	4	4	2	Metro 2033, Cronica ucigașului de regi	Atmosfera
2022/05/08 11:18:10 p.m. GMT+3	Da	Masculin	22	5	5	3	5	3	3	2	3	5	5	4	2	3	5	3	2	3	2	5	3	3	3	3	4	2	1	1	3	5	1	4	4	2	1	4	4	3	2	2	2	2	2	2	5	4	4	2	2	3	2	2	5	4	2	2	2	2	3	2	2	Daniel Keyes - Flori pentru Algernon Liviu Rebreanu - Padurea spânzuraților Marin Preda - Marele singuratic Cella Serghi - Cartea Mironei Charles Dickens - Marile Speranțe 	Asocierea cu viața personală
2022/05/08 11:20:21 p.m. GMT+3	Da	Masculin	25	5	3	5	3	4	3	2	5	4	5	5	2	5	2	2	5	3	3	4	5	3	4	3	2	5	1	3	5	3	1	1	2	3	2	2	3	2	3	4	1	4	4	2	5	3	5	1	3	5	2	5	4	5	3	2	5	5	5	3	2	Horror short stories, Artemis, Game of thrones series	Actiune, drama, aventura, suspans
2022/05/09 12:47:50 a.m. GMT+3	Da	Masculin	23	2	3	3	5	4	5	2	4	4	5	5	2	5	5	3	5	3	5	5	5	4	3	1	4	5	5	3	5	4	1	4	5	1	1	2	4	3	2	5	1	4	3	3	4	3	5	3	3	1	2	5	2	5	4	2	5	1	5	1	5	Un veach de singuratate, batranul si marea	Consistenta tematic si stilistica, structura povestii, subiectul abordat si substratul filosofic 
2022/05/09 2:00:15 a.m. GMT+3	Da	Masculin	22	3	5	3	3	5	3	4	3	2	5	4	3	4	2	2	2	3	2	3	3	2	2	3	4	4	4	3	2	1	1	2	3	3	3	1	2	4	5	5	1	3	4	4	3	3	3	2	4	3	2	4	3	3	4	2	4	3	2	3	3	A certain magical Index, Fundația (si restul seriei lui Asimov)	Integrarea mesajului filozofic în poveste, acesta fiind dedus, nu transmis direct
2022/05/09 2:03:41 a.m. GMT+3	Da	Feminin	23	5	4	3	5	5	2	2	1	2	5	5	2	1	4	5	5	5	1	5	4	5	2	5	5	4	5	3	4	5	1	2	5	5	2	1	5	3	3	3	1	3	5	5	3	2	5	3	5	5	4	4	3	5	3	3	5	3	3	5	4	Mândrie și prejudecată, Ugly Love, Crimă la vicariat, Nemesis, Dintotdeauna tu	Romantism, mister, aventură, originalitate, emoție
2022/05/09 6:51:46 a.m. GMT+3	Da	Feminin	33	4	4	4	4	5	2	1	5	3	3	5	5	5	3	4	4	5	4	2	5	5	4	2	4	4	1	5	5	4	2	2	2	2	4	2	4	2	4	3	2	4	5	4	5	2	5	2	2	5	2	5	5	5	5	2	5	5	5	5	2	Jurnalele vampirilor Pacienta tăcută Verity 	Acțiune, suspans, intrigă 
2022/05/09 7:25:23 a.m. GMT+3	Da	Masculin	24	4	3	3	2	4	2	3	3	3	3	3	3	3	3	3	3	3	3	3	3	3	3	3	3	3	3	3	3	3	3	3	3	3	3	3	3	3	3	3	3	3	3	3	3	3	3	3	3	3	3	3	3	3	3	3	3	3	3	3	3	Serotonina 5 Totul e chimie in jur 5 Cum sa vorbesti in public 5 Arta subtila a nepasarii 5 	curiozitate  modul de a pune lucrurile  
2022/05/09 7:45:54 a.m. GMT+3	Da	Masculin	59	4	4	4	3	4	3	4	3	2	4	5	4	4	3	3	4	4	3	4	3	4	4	4	3	4	1	4	3	2	2	2	3	3	2	3	4	2	3	4	3	4	4	3	3	3	4	3	3	3	3	3	3	3	4	2	4	4	4	3	2	Ploaia	Fir narativ clar
2022/05/09 8:15:55 a.m. GMT+3	Da	Feminin	32	5	5	5	1	5	3	1	5	2	3	5	5	5	1	5	5	5	4	1	4	5	5	5	1	5	1	5	5	4	4	1	1	3	4	4	5	4	3	5	3	5	5	3	5	2	5	1	3	4	1	5	5	5	5	2	5	5	5	5	1	Puterea extraordinara a subconștientului tău 	Conținutul, paginația 
2022/05/09 9:15:07 a.m. GMT+3	Da	Feminin	21	4	4	4	3	4	2	2	3	4	3	4	3	4	3	4	4	5	3	3	4	4	4	3	3	4	3	3	2	3	2	2	4	3	4	2	2	2	4	3	2	4	4	2	3	3	4	2	3	3	2	4	4	4	4	3	4	5	5	4	3	The Picture of Dorian Grey; If we were villans; The Poppy War; Dune 	Genul (Sci-Fi/Fantasy), tipul scrierii, originalitatea, actiunea 
2022/05/09 9:58:45 a.m. GMT+3	Da	Masculin	55	3	4	3	3	3	3	2	2	3	4	4	3	3	3	1	2	4	2	2	4	4	4	3	4	3	3	3	4	4	3	3	3	3	3	3	4	3	3	4	3	3	4	4	3	4	4	2	2	3	4	4	4	3	3	4	4	4	3	3	4	cavalerii pardaillan, cei trei muschetari	actiune
2022/05/09 11:23:22 a.m. GMT+3	Da	Masculin	22	2	4	4	5	5	4	4	4	3	5	5	2	4	2	4	4	5	3	2	5	4	3	3	5	4	4	4	4	4	2	4	4	2	2	2	3	3	3	4	1	4	3	4	3	3	5	5	3	5	2	3	3	5	5	2	4	3	4	3	2	Huliganii - Mircea Eliade, Femei - Bukowski, Fundatia - Isaac Asimov	poveste, stilul scrisului
2022/05/09 11:38:17 a.m. GMT+3	Da	Feminin	21	5	5	2	2	5	1	2	4	2	4	5	2	3	2	4	5	4	1	4	4	4	4	5	2	5	1	2	1	4	1	1	2	1	2	1	4	4	5	4	1	4	2	2	5	2	5	5	5	5	1	5	4	5	3	1	5	5	5	4	5	Seria de detective de la Boris Akunin; Stephen Covey - 7 habits..., 8'habit..., ; Atomic Habits; Narconomics 	Denumirea, descrierea, mărimea textului, modul de narare
2022/05/09 11:47:30 a.m. GMT+3	Da	Feminin	20	4	4	2	4	5	1	2	2	5	4	4	2	2	5	5	5	2	2	5	5	2	2	5	5	5	3	2	4	5	1	2	4	5	2	2	2	5	5	3	1	4	4	5	2	4	4	5	5	5	5	4	4	3	3	5	5	2	2	5	5	seria Hunger Games 	Acțiunea este importantă pentru mine 
2022/05/09 11:51:20 a.m. GMT+3	Da	Feminin	24	5	5	3	2	5	1	3	3	5	5	5	2	4	5	5	4	5	4	2	5	3	1	3	5	5	4	2	5	5	1	2	3	4	5	1	2	5	2	5	1	5	5	3	5	3	5	5	3	4	3	5	2	5	5	3	5	3	5	4	2	Toti oamenii sunt muritori- Simone de Beauvoir Biblioteca de la miezul noptii- Matt Haig In cautarea sensului vietii- Viktor E. Frankl	Coperta
2022/05/09 12:03:25 p.m. GMT+3	Da	Feminin	20	5	5	5	5	5	2	3	3	2	5	5	4	3	4	3	4	5	2	5	5	4	4	5	5	5	1	4	3	5	2	2	3	3	2	2	3	2	4	3	2	3	4	5	5	2	4	3	4	4	2	4	4	4	4	3	5	4	4	5	5	Intre doua fronturi - de Oana David, Tatuatorul de la Auschwitz - de Heather Morris,  Fiica reichului - de Louise Fein, Scrisoarea pierduta de la Auschwitz - de Anna Ellory	fontul textului, aspectul copertei, tema principala,  modul de descriere actiunii si a personajelor
2022/05/09 12:05:05 p.m. GMT+3	Da	Masculin	22	1	2	1	2	3	5	4	3	5	4	3	2	3	2	2	3	4	3	5	5	1	3	2	1	5	5	2	3	5	1	5	5	3	2	4	4	3	4	1	2	5	3	3	3	4	5	2	3	4	1	5	5	5	1	5	5	3	2	2	3	In cautarea oii fantastice, Haruki Murakami	Nivelul de compatibilitate/ interesul starnit de rezumatul de pe spate
2022/05/09 12:19:40 p.m. GMT+3	Da	Masculin	23	3	4	3	3	5	1	2	3	3	5	5	5	5	2	5	4	5	3	1	4	3	3	3	3	5	1	4	3	4	1	2	2	3	3	1	3	3	3	3	1	3	4	3	4	2	4	2	2	3	3	4	4	4	4	2	4	3	3	3	2	Legiunea blestematilor, Crima si pedeapsa 	Titlul 
2022/05/09 12:20:11 p.m. GMT+3	Da	Feminin	21	4	4	3	3	4	3	2	3	4	4	4	3	4	3	3	4	4	3	3	3	3	3	3	4	4	3	3	4	4	3	3	3	3	3	2	3	3	3	4	3	3	3	3	3	3	4	2	2	4	3	4	3	4	4	4	4	3	4	3	2	Intelepciunea psihopatilor Camera minunilor Atomic Habits Secretele succesului 25 de moduri de a-i cuceri pe cei din jur	Calitatea Popularitatea 
2022/05/09 12:26:45 p.m. GMT+3	Da	Masculin	24	4	3	5	4	3	3	2	1	3	1	5	2	3	2	5	4	3	1	2	4	4	4	4	4	5	2	5	4	5	2	4	5	4	2	3	3	2	5	3	3	2	5	4	5	2	5	5	4	4	3	3	2	5	3	1	4	2	5	4	2	Harry Potter, Employer Branding, Mortal Engines, Focus	Utile (ofera cunostinte), poveste captivanta, determinarea de a te autoevalua
2022/05/09 12:38:46 p.m. GMT+3	Da	Masculin	25	3	4	3	3	4	2	3	4	4	3	4	1	2	3	2	4	4	1	2	2	3	2	5	4	3	1	1	3	4	3	2	5	5	3	2	3	3	4	4	2	2	4	4	4	3	4	3	2	4	3	2	2	4	2	2	2	2	4	5	4	Winnetou Narnia Basme/povstiri Singur pe Lume Vraciul - Tadeusz Dolega-Mostowicz	sa nu fie plictisitoare
2022/05/09 1:05:48 p.m. GMT+3	Da	Masculin	22	4	2	4	4	4	2	3	4	4	4	4	1	3	1	2	4	1	4	4	4	2	2	2	4	4	1	2	4	5	1	2	2	2	2	2	2	4	2	2	2	4	4	4	4	2	5	1	2	4	4	4	2	4	3	2	4	1	4	4	2	Brave New World; Head First Design Patterns;  Murder on the Orient Express; 	Actiune dinamica, informatii utile in cazul cartilor stiintifice
2022/05/09 1:10:09 p.m. GMT+3	Da	Masculin	25	5	5	4	1	5	1	1	4	2	1	5	4	4	1	5	5	5	2	1	4	4	4	5	5	5	1	4	1	5	4	1	1	5	1	1	5	1	5	4	1	5	4	5	5	2	5	4	5	5	2	4	5	4	5	1	4	5	4	5	2	1. 27 DE Pași-Tibi Ușeriu 2. DARK COCKPIT - Octavian Pantiș 3. INTELIGENȚĂ EMOȚIONALĂ- Daniel Goleman 4. CODUL LUI DA VINCI- Dan Brown 5. DE LA IDEE LA BANI- Napoleon Hill	Originalitate, continuitate. 
2022/05/09 1:41:56 p.m. GMT+3	Da	Masculin	52	4	5	5	4	4	3	2	5	2	3	5	5	4	1	4	4	4	3	1	4	2	4	2	2	4	2	4	4	1	2	2	1	2	3	2	2	2	3	4	2	4	4	2	4	3	5	1	3	3	1	5	4	5	3	3	5	4	4	2	4	Ion, Rascoa, Laleaua Neagră	Suspans
2022/05/09 1:44:41 p.m. GMT+3	Da	Feminin	30	5	4	3	4	5	2	3	5	3	5	5	2	4	2	4	4	5	3	5	5	4	4	5	4	5	1	2	5	5	1	3	3	5	3	1	4	3	4	3	1	4	5	4	4	3	4	5	3	4	5	4	3	5	4	3	5	3	4	3	2	Ma dor stramosii, calatorie in jurul omului, homo sapiens, lacrimi pentru cernobal, tragatori si mistificatori	Redactarea, mesajul, titlul, recenzii
2022/05/09 1:46:26 p.m. GMT+3	Da	Masculin	25	5	4	4	2	5	4	3	3	2	5	4	3	3	2	4	4	4	3	3	4	3	4	3	2	5	2	3	4	2	1	2	3	3	3	2	2	2	4	5	1	4	3	2	4	3	4	3	4	3	2	4	4	3	3	2	4	3	3	3	1	Gânduri către sine însuși (Marc Aureliu) Cel mai bogat om din Babilon (George S. Clason) Uluitorul Maurice si rozătoarele lui educate (Terry Pratchett) Procesul (F. Kafka) The secret of scent (Luca Turin) 	Mesaj adânc, preferabil otimist  Transmiterea unor informații importante Expunerea unei lumi diferite
2022/05/09 2:19:34 p.m. GMT+3	Da	Feminin	18	4	3	5	2	5	1	1	5	2	2	4	3	5	2	5	4	4	4	4	4	5	5	4	5	5	3	3	5	4	2	3	1	2	3	1	3	2	2	5	1	5	5	1	3	1	5	2	1	4	5	4	5	5	4	4	4	4	5	4	3	Mândrie și prejudecata, La răscruce de vanturi, Minunea, Marele Gatsby	Tema iubirii, acțiunea complicata, tipologii umane inedite
2022/05/09 3:18:17 p.m. GMT+3	Da	Feminin	22	5	5	4	2	3	2	1	3	4	4	4	3	2	2	2	3	5	1	1	1	3	4	4	5	5	1	4	3	5	4	2	3	4	5	3	3	3	5	3	2	4	5	4	2	5	5	3	3	4	2	3	4	4	4	4	1	4	2	3	2	Mândrie și prejudecata, Mananca, roaga-te, iubeste	Sa fie captivantă și plină de suspans
2022/05/09 4:10:18 p.m. GMT+3	Da	Masculin	36	2	3	2	4	5	1	3	1	3	1	3	2	3	3	2	4	4	1	2	4	2	2	5	3	5	1	1	1	4	2	4	5	5	4	2	3	4	5	3	4	2	4	2	3	2	4	1	3	3	1	3	4	3	1	4	4	4	2	5	3	The survival handbook	Cat de interesant e subiectul si modul de expunere a subiectului
2022/05/09 4:30:41 p.m. GMT+3	Da	Feminin	51	4	4	4	3	4	3	5	3	3	3	3	3	3	3	3	3	4	2	3	4	3	3	3	4	3	2	4	4	5	5	3	3	3	3	2	4	3	3	3	5	4	3	4	3	3	4	4	4	3	3	4	4	4	4	3	4	3	4	4	4	Maytrei, O zi, Suflete in furtuna	actiunea
2022/05/09 4:40:34 p.m. GMT+3	Da	Masculin	22	5	5	5	3	5	3	5	2	3	5	4	3	2	3	5	5	5	1	2	4	3	2	2	5	5	3	3	5	5	5	3	2	5	3	1	4	4	5	3	1	3	4	5	4	5	5	3	5	4	1	3	3	3	2	2	3	3	2	4	5	Monte Cassino - S Hassel, Femei - C Bukowski, Elevul Dima dintr-a saptea M Drumes, Am fost medic la Auschwitz - N Miklos	Prezentarea ideilor cat mai coerent si concis
2022/05/09 4:47:38 p.m. GMT+3	Da	Feminin	42	4	4	4	2	5	3	2	4	3	3	3	4	4	1	4	5	4	4	2	4	4	3	3	1	4	1	3	4	3	3	1	1	1	4	1	1	1	5	4	1	4	4	1	4	3	4	5	2	4	4	4	3	5	5	3	4	3	5	3	1	Ipoteza Fericirii	Armonia dintre stiinta moderna si vechea intelepciiune
2022/05/09 4:53:19 p.m. GMT+3	Da	Feminin	57	5	5	5	3	5	3	5	5	3	5	5	5	5	1	5	5	5	5	1	5	5	5	1	3	5	1	5	5	1	3	1	1	1	5	1	5	3	5	5	1	5	5	1	3	1	5	3	1	5	1	5	5	5	5	3	5	5	5	5	1	Pe aripile vântului,  mai trei, legendele olimpului	Acțiune, punct culminant
2022/05/09 9:12:46 p.m. GMT+3	Da	Feminin	25	5	5	3	4	5	1	2	2	4	5	5	3	2	4	4	4	4	1	1	5	5	3	5	4	5	1	3	2	5	1	2	1	5	2	1	4	2	5	4	1	4	4	5	5	3	3	4	5	5	1	4	5	5	2	2	5	5	2	5	3	"Nunta in Cer" - Mircea Eliade "Divergent" - Veronica Roth "Eleanor & Park" - Rainbow Rowell "Fiul risipitor" - Radu Tudoran "Sapiens" - Yuval Noah Harari	Originalitatea temei, perioada in care se desfasoara actiunea,  genul cartii, tipul de narare, coperta cartii
2022/05/09 9:33:31 p.m. GMT+3	Da	Masculin	25	5	5	3	5	5	2	4	3	5	5	5	4	5	5	5	5	4	2	3	5	5	4	5	5	5	1	2	3	5	1	4	4	5	1	1	3	3	5	2	1	5	4	5	5	3	3	1	5	5	2	5	3	5	3	2	5	4	2	5	5	Eleganța ariciului - Muriel Barbery, Cele 40 de legi ale iubirii - Elif Shafak,  Raport asupra singurătății - Augustin Buzura, Particulele elementare - Michel Houellebecq, Iubirea omenească - Andrei Makine.	Relația dintre personaje, caracterul estic, complexitatea emoțională etc.
2022/05/09 10:13:01 p.m. GMT+3	Da	Masculin	24	4	5	5	1	3	4	1	4	1	4	5	3	5	1	2	4	3	5	1	5	2	5	2	3	4	3	5	5	2	2	3	1	1	1	3	2	1	3	5	1	4	5	1	4	2	5	2	3	5	3	3	5	5	1	4	3	5	5	2	1	Sapiens, Blindatele Morții, Marțianul	Inspirationala/motivațională, educativă, SF
2022/05/09 10:18:04 p.m. GMT+3	Da	Feminin	20	2	5	3	4	5	3	3	2	4	5	5	4	4	4	5	3	4	3	4	5	3	4	3	5	5	2	3	5	5	1	3	4	2	2	1	2	2	2	4	1	5	5	3	4	2	5	4	3	5	4	5	4	4	4	3	5	3	4	3	3	Twilight oops Regina Rosie Are we all lemmings and snowflakes De psihologie, dezv personala, fictiune, romantice fantezie, sf in general	Sa aiba magieee si fantezieee si concepte noi despre lume- ce este sau ce ar putea fi.  Sa aiba mai multe elemente in ea (sf dar si romance dar si actiune etc).  Si daca e mai light e nice (beletristica), depinde de mood si stare mentala:)))) damaged
2022/05/09 10:26:26 p.m. GMT+3	Da	Feminin	22	3	5	3	4	5	4	3	3	4	5	5	3	3	4	5	3	5	2	3	5	5	3	5	4	4	1	3	4	4	1	3	3	5	2	1	3	4	5	3	1	4	5	4	4	3	3	4	5	5	3	4	5	2	3	3	5	2	3	3	3	O viață marunta - Hanya Yanagihara Magicianul - John Fowles Metamorfoza - Franz Kafka Pădurea Norvegiana - Haruki Murakami Eseu despre orbire - José Saramago  	Review urile, coperta
2022/05/10 11:49:24 a.m. GMT+3	Da	Feminin	22	4	3	4	2	5	3	1	4	3	3	4	3	4	1	5	4	5	3	3	4	5	4	2	1	3	2	4	4	2	3	3	3	3	2	2	5	2	3	4	2	5	5	2	3	2	4	4	2	3	3	4	4	4	4	2	3	3	4	3	2	codul lui da vinci Fluturi Ridica-te și ucide primul Furtuna războiului 	Misterul, povestea
2022/05/10 12:05:21 p.m. GMT+3	Da	Feminin	18	2	5	3	3	4	3	1	3	5	3	3	3	2	5	2	5	3	5	5	2	4	5	5	5	4	5	5	5	5	3	3	4	5	2	2	3	3	4	1	2	3	5	4	1	5	5	3	5	4	5	2	5	3	4	5	4	5	4	4	5	Xanax	Acțiunea, Comedia 
2022/05/10 12:07:36 p.m. GMT+3	Da	Feminin	21	5	3	3	3	4	2	2	3	2	3	4	3	4	3	4	4	5	3	4	5	5	4	3	4	4	2	3	4	2	2	2	3	3	3	2	3	3	2	4	2	3	3	2	5	2	5	3	3	5	5	3	3	4	4	3	4	3	5	4	3	Invitatie la Vals - Mihail Drumeș, Printre Tonuri Cenusii- Ruta Sepetys	Genul 
2022/05/10 12:34:30 p.m. GMT+3	Da	Feminin	44	5	5	5	3	4	3	1	4	1	5	5	5	5	1	4	5	5	5	3	5	3	5	3	2	5	1	5	4	3	3	2	3	3	3	2	1	2	3	5	1	5	5	1	3	1	5	3	1	5	5	5	5	5	3	3	5	5	5	3	1	Alchimistul-Paulo Coehlo,Preludiu-Ileana Vulpescu	Originalitate
2022/05/10 12:39:51 p.m. GMT+3	Da	Feminin	23	3	3	2	4	4	2	1	3	4	3	4	2	3	2	4	4	3	3	4	4	4	4	4	4	3	2	2	3	4	2	1	3	5	3	2	3	3	2	2	2	4	3	4	4	4	4	2	4	4	2	3	3	3	4	3	3	3	3	4	3	Evadarea de la Auschwitz, Patul lui Eleonor, Da-ți voie sa simți, Oscar și Tanti Roz	Complexitatea, categoria in care se afla, istoria carti
2022/05/10 12:40:29 p.m. GMT+3	Da	Feminin	22	5	3	5	4	3	2	4	4	4	2	5	3	4	2	3	5	5	3	4	5	4	4	3	5	5	2	4	3	4	4	2	3	3	3	3	4	3	3	4	2	5	5	4	4	5	5	3	3	4	4	3	4	5	3	5	4	3	4	3	3	Pe aripile vantului Scrisoare de dragoste Lorelei Scarlett Omul in cautarea sensului vietii	Descriptiva
2022/05/10 12:47:33 p.m. GMT+3	Da	Feminin	29	3	4	3	2	4	1	1	3	5	3	4	2	3	5	4	4	5	3	4	5	2	4	5	5	4	2	3	3	5	4	3	2	5	4	1	3	2	5	3	2	4	5	5	3	3	4	3	4	5	3	5	5	5	4	4	5	4	5	5	3	Memoriile unui motan călător (Hiro Arikawa) 	Povestea, coperta, firul narativ
2022/05/10 12:50:13 p.m. GMT+3	Da	Feminin	21	4	4	4	2	5	3	3	5	5	5	5	4	5	2	5	4	4	3	3	5	3	4	2	2	4	1	3	5	2	1	2	3	4	4	1	2	3	3	4	1	5	4	3	5	2	5	3	3	5	4	5	3	5	4	2	5	3	5	3	2	Atomic Habits, Specia Rebela, Oscar si tanti Roz	Subiectul, Modul in care este scrisa
2022/05/10 3:19:44 p.m. GMT+3	Da	Feminin	44	4	3	3	3	5	1	2	5	3	2	5	5	4	3	2	5	5	3	3	4	5	4	5	2	5	2	4	4	4	4	4	4	3	4	3	5	4	4	4	3	3	4	4	5	3	4	4	4	3	5	4	4	4	4	3	4	2	4	4	3	Cel mai ii it dintre pamanteni	Captivanta
2022/05/10 3:32:47 p.m. GMT+3	Da	Feminin	21	3	5	5	3	3	3	3	5	5	1	5	5	5	3	1	1	5	1	3	5	3	4	3	5	3	1	5	5	4	1	3	3	3	3	5	5	3	1	3	3	5	3	3	5	3	5	3	3	5	5	5	4	5	5	4	5	4	5	3	3	Dragă John,Povestea mea,Tata bogat ,tata sărac,Cadranul banilor ,După ce ne am întâlnit 	Scrisul mare ,limbajul cât mai contemporan 
2022/05/10 3:43:54 p.m. GMT+3	Da	Masculin	23	5	5	4	2	5	5	1	5	4	5	5	4	5	2	5	4	4	5	3	5	4	5	2	1	5	4	5	5	3	1	2	2	1	5	1	3	4	2	5	1	5	5	1	2	5	5	3	1	5	1	5	5	5	5	2	5	5	5	4	1	Lifespan, Homo Deus, Factfullness, Insula comorii, 2 ani de vacanta	Concizia în exprimare și gândire, precizia în detalii,  forța sau eficiența prin care reușește să transmită ideiile, gândirea multilaterală,  creativitatea în idei și mai ales exprimare și cel mai important,  ideile pe care reușește să le trezească în mintea cititorului.
2022/05/10 4:24:36 p.m. GMT+3	Da	Feminin	34	4	4	3	3	3	3	4	4	3	2	5	4	4	3	3	4	4	4	3	4	4	3	3	4	4	1	3	4	4	4	3	2	3	3	3	3	3	3	3	3	3	3	3	4	4	3	2	3	4	4	3	3	4	4	2	4	4	4	3	4	Mănâncă,roaga-te ,iubeste	Suspansul 
2022/05/10 6:48:38 p.m. GMT+3	Da	Feminin	61	4	5	5	3	5	3	1	5	3	3	5	4	4	2	4	4	5	4	3	3	4	4	2	4	3	1	3	4	4	5	2	4	2	3	2	5	4	3	3	4	5	4	2	4	3	4	3	3	3	3	3	5	5	4	2	3	4	5	5	3	Zbor frânt.   La cântatul cocosilor	Sinceritatea,romantizmul
2022/05/10 7:55:14 p.m. GMT+3	Da	Feminin	21	4	3	5	3	5	3	2	4	2	2	4	1	4	3	5	4	5	4	3	5	5	4	2	4	4	3	2	3	2	2	2	4	2	3	1	3	2	2	4	2	4	3	2	3	3	5	1	2	5	4	5	3	5	4	2	5	3	5	4	4	Invitație la vals, După ce ne-am întâlnit, Love story	Din păcate, nu prea citesc. 
2022/05/11 12:36:57 a.m. GMT+3	Da	Masculin	22	5	4	4	2	5	2	3	4	3	5	5	4	5	1	5	4	1	3	2	4	2	4	1	1	5	3	2	5	1	1	2	1	1	5	1	3	3	3	5	1	3	4	1	5	4	5	4	4	5	5	4	2	5	5	5	5	2	5	3	2	Herman Hesse - Lupul de stepa si Jocul cu margele de sticla	Limbaj accesibil si introspectivă
2022/05/11 11:37:50 a.m. GMT+3	Da	Feminin	64	5	5	5	2	5	2	2	5	4	4	5	5	4	1	5	5	5	5	4	4	5	4	3	4	5	1	5	5	4	3	1	1	5	2	2	5	2	3	4	3	4	4	4	4	1	5	2	1	5	4	4	4	5	5	2	4	4	5	5	1	Primăvara in Toscana Aleea cu licurici Din cer au căzut trei mere Mănâncă,roagă-te ,iubeste Memoriile unei ghișe	Istorie .povesti de viața 
2022/05/12 4:56:07 p.m. GMT+3	Da	Masculin	31	4	2	5	2	5	2	2	5	2	3	5	2	4	1	4	3	4	4	2	5	5	3	3	4	5	5	2	3	2	3	2	4	3	2	1	4	2	2	4	3	3	3	2	5	2	4	5	3	4	2	3	2	5	5	3	5	2	5	2	1	Tragatori si mistificatori - Andrei Ursu The Swerve - Stephen Blatt	Suspansul
2022/05/13 12:39:20 a.m. GMT+3	Da	Feminin	25	3	4	3	4	5	2	3	2	3	4	4	2	3	3	4	3	3	1	2	4	4	3	4	4	4	1	3	2	5	2	3	5	4	2	1	3	4	5	3	2	3	4	3	3	3	4	5	4	4	4	4	2	3	2	2	3	3	3	3	4	East of Eden - John Steinbeck The portrait of Dorian Gray - Oscar Wilde  Sandman -neil gaiman (mai am câteva din serie, sunt benzi desenate) The expanse (Serie de cărți Sf, le-am terminat anul acesta)  The house in the cerulean sea White night - Dostoevsky	- personaje bine conturate și diferite - elemente fantasy  - acțiune mai puțin predictibilă  - personaje care se schimba 
2022/05/13 10:28:01 a.m. GMT+3	Da	Masculin	24	4	5	3	2	4	3	1	3	3	2	4	4	3	1	3	4	5	2	2	3	3	4	3	2	5	4	3	3	3	1	2	3	3	4	2	3	3	4	4	3	4	4	2	4	3	5	2	3	4	2	3	4	4	3	2	3	4	4	3	2	Enigma Otiliei, 80 Zile in Jurul Pamantului, Divergent, Insurgent, Pavlov (Cartea inginerului chimist) 	Genul (preferabil SciFi/ Aventura), Ideea de utopie, Practicalitate si relevanta 
2022/05/20 9:44:26 p.m. GMT+3	Da	Feminin	23	5	4	5	3	4	1	3	4	5	5	5	3	3	4	5	5	5	3	5	5	5	5	3	5	5	3	3	5	5	1	2	3	3	4	1	4	5	5	3	1	3	1	5	5	3	5	3	3	5	5	5	3	5	4	5	5	1	2	3	3	Intoxicata by Ruxandra Erdei	Sa simt ca rezones cu ceea ce e scris
2022/05/07 5:24:17 PM GMT+3	Da	Feminin	22	5	2	3	4	5	3	4	4	4	4	5	2	3	4	5	5	4	3	4	4	4	3	4	4	5	1	2	3	4	1	2	5	3	2	1	4	4	3	3	1	4	4	4	5	4	4	4	4	5	4	4	2	4	4	3	4	2	4	4	4	Bridge of Clay - Markus Zusak, Circe - Madeline Miller, Istoria Albinelor - Maja Lunde, Norwegian Wood - Haruki Murakami, Coin Locker Babies - Ryu Murakami	surrealism, fantasy, sad slice-of-life, dialog, conversation-like story-telling
2022/05/07 5:49:31 PM GMT+3	Da	Masculin	22	4	5	3	4	5	3	4	3	4	5	4	3	3	3	4	3	5	3	4	5	5	4	4	5	5	4	2	4	4	4	4	4	5	2	2	2	5	3	4	2	3	5	4	3	4	5	2	4	4	3	5	3	4	5	4	5	4	3	3	4	Istoria Albinelor, 1984, Stapanul Inelelor: Fratia Inelelor	nu stiu :(